prompt,image,mask
"A fluffy panda juggling teacups, in watercolor style",FC_images/img_0_0.jpg,FC_masks/mask_0_0.png
"A fluffy panda juggling teacups, in watercolor style",FC_images/img_0_1.jpg,FC_masks/mask_0_1.png
"A fluffy panda juggling teacups, in watercolor style",FC_images/img_0_2.jpg,FC_masks/mask_0_2.png
"A fluffy panda juggling teacups, in watercolor style",FC_images/img_0_3.jpg,FC_masks/mask_0_3.png
"A fluffy panda juggling teacups, in watercolor style",FC_images/img_0_4.jpg,FC_masks/mask_0_4.png
"A fluffy panda juggling teacups, in watercolor style",FC_images/img_0_5.jpg,FC_masks/mask_0_5.png
"A fluffy panda juggling teacups, in watercolor style",FC_images/img_0_6.jpg,FC_masks/mask_0_6.png
"A fluffy panda juggling teacups, in watercolor style",FC_images/img_0_7.jpg,FC_masks/mask_0_7.png
"A fluffy panda juggling teacups, in watercolor style",FC_images/img_0_8.jpg,FC_masks/mask_0_8.png
"A fluffy panda juggling teacups, in watercolor style",FC_images/img_0_9.jpg,FC_masks/mask_0_9.png
"A fluffy panda juggling teacups, in watercolor style",FC_images/img_0_10.jpg,FC_masks/mask_0_10.png
"A fluffy panda juggling teacups, in watercolor style",FC_images/img_0_11.jpg,FC_masks/mask_0_11.png
"A golden retriever wearing astronaut gear, in cyberpunk style",FC_images/img_1_0.jpg,FC_masks/mask_1_0.png
"A golden retriever wearing astronaut gear, in cyberpunk style",FC_images/img_1_1.jpg,FC_masks/mask_1_1.png
"A golden retriever wearing astronaut gear, in cyberpunk style",FC_images/img_1_2.jpg,FC_masks/mask_1_2.png
"A golden retriever wearing astronaut gear, in cyberpunk style",FC_images/img_1_3.jpg,FC_masks/mask_1_3.png
"A golden retriever wearing astronaut gear, in cyberpunk style",FC_images/img_1_4.jpg,FC_masks/mask_1_4.png
"A golden retriever wearing astronaut gear, in cyberpunk style",FC_images/img_1_5.jpg,FC_masks/mask_1_5.png
"A golden retriever wearing astronaut gear, in cyberpunk style",FC_images/img_1_6.jpg,FC_masks/mask_1_6.png
"A golden retriever wearing astronaut gear, in cyberpunk style",FC_images/img_1_7.jpg,FC_masks/mask_1_7.png
"A golden retriever wearing astronaut gear, in cyberpunk style",FC_images/img_1_8.jpg,FC_masks/mask_1_8.png
"A golden retriever wearing astronaut gear, in cyberpunk style",FC_images/img_1_9.jpg,FC_masks/mask_1_9.png
"A golden retriever wearing astronaut gear, in cyberpunk style",FC_images/img_1_10.jpg,FC_masks/mask_1_10.png
"A golden retriever wearing astronaut gear, in cyberpunk style",FC_images/img_1_11.jpg,FC_masks/mask_1_11.png
"A vintage bicycle covered in glowing vines, in steampunk style",FC_images/img_2_0.jpg,FC_masks/mask_2_0.png
"A vintage bicycle covered in glowing vines, in steampunk style",FC_images/img_2_1.jpg,FC_masks/mask_2_1.png
"A vintage bicycle covered in glowing vines, in steampunk style",FC_images/img_2_2.jpg,FC_masks/mask_2_2.png
"A vintage bicycle covered in glowing vines, in steampunk style",FC_images/img_2_3.jpg,FC_masks/mask_2_3.png
"A vintage bicycle covered in glowing vines, in steampunk style",FC_images/img_2_4.jpg,FC_masks/mask_2_4.png
"A vintage bicycle covered in glowing vines, in steampunk style",FC_images/img_2_5.jpg,FC_masks/mask_2_5.png
"A vintage bicycle covered in glowing vines, in steampunk style",FC_images/img_2_6.jpg,FC_masks/mask_2_6.png
"A vintage bicycle covered in glowing vines, in steampunk style",FC_images/img_2_7.jpg,FC_masks/mask_2_7.png
"A vintage bicycle covered in glowing vines, in steampunk style",FC_images/img_2_8.jpg,FC_masks/mask_2_8.png
"A vintage bicycle covered in glowing vines, in steampunk style",FC_images/img_2_9.jpg,FC_masks/mask_2_9.png
"A vintage bicycle covered in glowing vines, in steampunk style",FC_images/img_2_10.jpg,FC_masks/mask_2_10.png
"A vintage bicycle covered in glowing vines, in steampunk style",FC_images/img_2_11.jpg,FC_masks/mask_2_11.png
"A glass teapot filled with colorful floating islands, in surrealist style",FC_images/img_3_0.jpg,FC_masks/mask_3_0.png
"A glass teapot filled with colorful floating islands, in surrealist style",FC_images/img_3_1.jpg,FC_masks/mask_3_1.png
"A glass teapot filled with colorful floating islands, in surrealist style",FC_images/img_3_2.jpg,FC_masks/mask_3_2.png
"A glass teapot filled with colorful floating islands, in surrealist style",FC_images/img_3_3.jpg,FC_masks/mask_3_3.png
"A glass teapot filled with colorful floating islands, in surrealist style",FC_images/img_3_4.jpg,FC_masks/mask_3_4.png
"A glass teapot filled with colorful floating islands, in surrealist style",FC_images/img_3_5.jpg,FC_masks/mask_3_5.png
"A glass teapot filled with colorful floating islands, in surrealist style",FC_images/img_3_6.jpg,FC_masks/mask_3_6.png
"A glass teapot filled with colorful floating islands, in surrealist style",FC_images/img_3_7.jpg,FC_masks/mask_3_7.png
"A glass teapot filled with colorful floating islands, in surrealist style",FC_images/img_3_8.jpg,FC_masks/mask_3_8.png
"A glass teapot filled with colorful floating islands, in surrealist style",FC_images/img_3_9.jpg,FC_masks/mask_3_9.png
"A glass teapot filled with colorful floating islands, in surrealist style",FC_images/img_3_10.jpg,FC_masks/mask_3_10.png
"A glass teapot filled with colorful floating islands, in surrealist style",FC_images/img_3_11.jpg,FC_masks/mask_3_11.png
"A robotic hummingbird sipping nectar from a diamond flower, in futuristic metallic style",FC_images/img_4_0.jpg,FC_masks/mask_4_0.png
"A robotic hummingbird sipping nectar from a diamond flower, in futuristic metallic style",FC_images/img_4_1.jpg,FC_masks/mask_4_1.png
"A robotic hummingbird sipping nectar from a diamond flower, in futuristic metallic style",FC_images/img_4_2.jpg,FC_masks/mask_4_2.png
"A robotic hummingbird sipping nectar from a diamond flower, in futuristic metallic style",FC_images/img_4_3.jpg,FC_masks/mask_4_3.png
"A robotic hummingbird sipping nectar from a diamond flower, in futuristic metallic style",FC_images/img_4_4.jpg,FC_masks/mask_4_4.png
"A robotic hummingbird sipping nectar from a diamond flower, in futuristic metallic style",FC_images/img_4_5.jpg,FC_masks/mask_4_5.png
"A robotic hummingbird sipping nectar from a diamond flower, in futuristic metallic style",FC_images/img_4_6.jpg,FC_masks/mask_4_6.png
"A robotic hummingbird sipping nectar from a diamond flower, in futuristic metallic style",FC_images/img_4_7.jpg,FC_masks/mask_4_7.png
"A robotic hummingbird sipping nectar from a diamond flower, in futuristic metallic style",FC_images/img_4_8.jpg,FC_masks/mask_4_8.png
"A robotic hummingbird sipping nectar from a diamond flower, in futuristic metallic style",FC_images/img_4_9.jpg,FC_masks/mask_4_9.png
"A robotic hummingbird sipping nectar from a diamond flower, in futuristic metallic style",FC_images/img_4_10.jpg,FC_masks/mask_4_10.png
"A robotic hummingbird sipping nectar from a diamond flower, in futuristic metallic style",FC_images/img_4_11.jpg,FC_masks/mask_4_11.png
"A flying whale with rainbow wings, in dreamy pastel style",FC_images/img_5_0.jpg,FC_masks/mask_5_0.png
"A flying whale with rainbow wings, in dreamy pastel style",FC_images/img_5_1.jpg,FC_masks/mask_5_1.png
"A flying whale with rainbow wings, in dreamy pastel style",FC_images/img_5_2.jpg,FC_masks/mask_5_2.png
"A flying whale with rainbow wings, in dreamy pastel style",FC_images/img_5_3.jpg,FC_masks/mask_5_3.png
"A flying whale with rainbow wings, in dreamy pastel style",FC_images/img_5_4.jpg,FC_masks/mask_5_4.png
"A flying whale with rainbow wings, in dreamy pastel style",FC_images/img_5_5.jpg,FC_masks/mask_5_5.png
"A flying whale with rainbow wings, in dreamy pastel style",FC_images/img_5_6.jpg,FC_masks/mask_5_6.png
"A flying whale with rainbow wings, in dreamy pastel style",FC_images/img_5_7.jpg,FC_masks/mask_5_7.png
"A flying whale with rainbow wings, in dreamy pastel style",FC_images/img_5_8.jpg,FC_masks/mask_5_8.png
"A flying whale with rainbow wings, in dreamy pastel style",FC_images/img_5_9.jpg,FC_masks/mask_5_9.png
"A flying whale with rainbow wings, in dreamy pastel style",FC_images/img_5_10.jpg,FC_masks/mask_5_10.png
"A flying whale with rainbow wings, in dreamy pastel style",FC_images/img_5_11.jpg,FC_masks/mask_5_11.png
"A giraffe wearing a magician's cape, in pixel art style",FC_images/img_6_0.jpg,FC_masks/mask_6_0.png
"A giraffe wearing a magician's cape, in pixel art style",FC_images/img_6_1.jpg,FC_masks/mask_6_1.png
"A giraffe wearing a magician's cape, in pixel art style",FC_images/img_6_2.jpg,FC_masks/mask_6_2.png
"A giraffe wearing a magician's cape, in pixel art style",FC_images/img_6_3.jpg,FC_masks/mask_6_3.png
"A giraffe wearing a magician's cape, in pixel art style",FC_images/img_6_4.jpg,FC_masks/mask_6_4.png
"A giraffe wearing a magician's cape, in pixel art style",FC_images/img_6_5.jpg,FC_masks/mask_6_5.png
"A giraffe wearing a magician's cape, in pixel art style",FC_images/img_6_6.jpg,FC_masks/mask_6_6.png
"A giraffe wearing a magician's cape, in pixel art style",FC_images/img_6_7.jpg,FC_masks/mask_6_7.png
"A giraffe wearing a magician's cape, in pixel art style",FC_images/img_6_8.jpg,FC_masks/mask_6_8.png
"A giraffe wearing a magician's cape, in pixel art style",FC_images/img_6_9.jpg,FC_masks/mask_6_9.png
"A giraffe wearing a magician's cape, in pixel art style",FC_images/img_6_10.jpg,FC_masks/mask_6_10.png
"A giraffe wearing a magician's cape, in pixel art style",FC_images/img_6_11.jpg,FC_masks/mask_6_11.png
"A dragon made of origami paper breathing neon smoke, in vaporwave style",FC_images/img_7_0.jpg,FC_masks/mask_7_0.png
"A dragon made of origami paper breathing neon smoke, in vaporwave style",FC_images/img_7_1.jpg,FC_masks/mask_7_1.png
"A dragon made of origami paper breathing neon smoke, in vaporwave style",FC_images/img_7_2.jpg,FC_masks/mask_7_2.png
"A dragon made of origami paper breathing neon smoke, in vaporwave style",FC_images/img_7_3.jpg,FC_masks/mask_7_3.png
"A dragon made of origami paper breathing neon smoke, in vaporwave style",FC_images/img_7_4.jpg,FC_masks/mask_7_4.png
"A dragon made of origami paper breathing neon smoke, in vaporwave style",FC_images/img_7_5.jpg,FC_masks/mask_7_5.png
"A dragon made of origami paper breathing neon smoke, in vaporwave style",FC_images/img_7_6.jpg,FC_masks/mask_7_6.png
"A dragon made of origami paper breathing neon smoke, in vaporwave style",FC_images/img_7_7.jpg,FC_masks/mask_7_7.png
"A dragon made of origami paper breathing neon smoke, in vaporwave style",FC_images/img_7_8.jpg,FC_masks/mask_7_8.png
"A dragon made of origami paper breathing neon smoke, in vaporwave style",FC_images/img_7_9.jpg,FC_masks/mask_7_9.png
"A dragon made of origami paper breathing neon smoke, in vaporwave style",FC_images/img_7_10.jpg,FC_masks/mask_7_10.png
"A dragon made of origami paper breathing neon smoke, in vaporwave style",FC_images/img_7_11.jpg,FC_masks/mask_7_11.png
"A sleepy cat lounging on a cloud of cotton candy, in fairy-tale style",FC_images/img_8_0.jpg,FC_masks/mask_8_0.png
"A sleepy cat lounging on a cloud of cotton candy, in fairy-tale style",FC_images/img_8_1.jpg,FC_masks/mask_8_1.png
"A sleepy cat lounging on a cloud of cotton candy, in fairy-tale style",FC_images/img_8_2.jpg,FC_masks/mask_8_2.png
"A sleepy cat lounging on a cloud of cotton candy, in fairy-tale style",FC_images/img_8_3.jpg,FC_masks/mask_8_3.png
"A sleepy cat lounging on a cloud of cotton candy, in fairy-tale style",FC_images/img_8_4.jpg,FC_masks/mask_8_4.png
"A sleepy cat lounging on a cloud of cotton candy, in fairy-tale style",FC_images/img_8_5.jpg,FC_masks/mask_8_5.png
"A sleepy cat lounging on a cloud of cotton candy, in fairy-tale style",FC_images/img_8_6.jpg,FC_masks/mask_8_6.png
"A sleepy cat lounging on a cloud of cotton candy, in fairy-tale style",FC_images/img_8_7.jpg,FC_masks/mask_8_7.png
"A sleepy cat lounging on a cloud of cotton candy, in fairy-tale style",FC_images/img_8_8.jpg,FC_masks/mask_8_8.png
"A sleepy cat lounging on a cloud of cotton candy, in fairy-tale style",FC_images/img_8_9.jpg,FC_masks/mask_8_9.png
"A sleepy cat lounging on a cloud of cotton candy, in fairy-tale style",FC_images/img_8_10.jpg,FC_masks/mask_8_10.png
"A sleepy cat lounging on a cloud of cotton candy, in fairy-tale style",FC_images/img_8_11.jpg,FC_masks/mask_8_11.png
"A medieval knight riding a giant snail, in 8-bit retro video game style",FC_images/img_9_0.jpg,FC_masks/mask_9_0.png
"A medieval knight riding a giant snail, in 8-bit retro video game style",FC_images/img_9_1.jpg,FC_masks/mask_9_1.png
"A medieval knight riding a giant snail, in 8-bit retro video game style",FC_images/img_9_2.jpg,FC_masks/mask_9_2.png
"A medieval knight riding a giant snail, in 8-bit retro video game style",FC_images/img_9_3.jpg,FC_masks/mask_9_3.png
"A medieval knight riding a giant snail, in 8-bit retro video game style",FC_images/img_9_4.jpg,FC_masks/mask_9_4.png
"A medieval knight riding a giant snail, in 8-bit retro video game style",FC_images/img_9_5.jpg,FC_masks/mask_9_5.png
"A medieval knight riding a giant snail, in 8-bit retro video game style",FC_images/img_9_6.jpg,FC_masks/mask_9_6.png
"A medieval knight riding a giant snail, in 8-bit retro video game style",FC_images/img_9_7.jpg,FC_masks/mask_9_7.png
"A medieval knight riding a giant snail, in 8-bit retro video game style",FC_images/img_9_8.jpg,FC_masks/mask_9_8.png
"A medieval knight riding a giant snail, in 8-bit retro video game style",FC_images/img_9_9.jpg,FC_masks/mask_9_9.png
"A medieval knight riding a giant snail, in 8-bit retro video game style",FC_images/img_9_10.jpg,FC_masks/mask_9_10.png
"A medieval knight riding a giant snail, in 8-bit retro video game style",FC_images/img_9_11.jpg,FC_masks/mask_9_11.png
"A transparent clock filled with glowing gears, steampunk style",FC_images/img_10_0.jpg,FC_masks/mask_10_0.png
"A transparent clock filled with glowing gears, steampunk style",FC_images/img_10_1.jpg,FC_masks/mask_10_1.png
"A transparent clock filled with glowing gears, steampunk style",FC_images/img_10_2.jpg,FC_masks/mask_10_2.png
"A transparent clock filled with glowing gears, steampunk style",FC_images/img_10_3.jpg,FC_masks/mask_10_3.png
"A transparent clock filled with glowing gears, steampunk style",FC_images/img_10_4.jpg,FC_masks/mask_10_4.png
"A transparent clock filled with glowing gears, steampunk style",FC_images/img_10_5.jpg,FC_masks/mask_10_5.png
"A transparent clock filled with glowing gears, steampunk style",FC_images/img_10_6.jpg,FC_masks/mask_10_6.png
"A transparent clock filled with glowing gears, steampunk style",FC_images/img_10_7.jpg,FC_masks/mask_10_7.png
"A transparent clock filled with glowing gears, steampunk style",FC_images/img_10_8.jpg,FC_masks/mask_10_8.png
"A transparent clock filled with glowing gears, steampunk style",FC_images/img_10_9.jpg,FC_masks/mask_10_9.png
"A transparent clock filled with glowing gears, steampunk style",FC_images/img_10_10.jpg,FC_masks/mask_10_10.png
"A transparent clock filled with glowing gears, steampunk style",FC_images/img_10_11.jpg,FC_masks/mask_10_11.png
"A dragonfly with wings made of stained glass, art nouveau style",FC_images/img_11_0.jpg,FC_masks/mask_11_0.png
"A dragonfly with wings made of stained glass, art nouveau style",FC_images/img_11_1.jpg,FC_masks/mask_11_1.png
"A dragonfly with wings made of stained glass, art nouveau style",FC_images/img_11_2.jpg,FC_masks/mask_11_2.png
"A dragonfly with wings made of stained glass, art nouveau style",FC_images/img_11_3.jpg,FC_masks/mask_11_3.png
"A dragonfly with wings made of stained glass, art nouveau style",FC_images/img_11_4.jpg,FC_masks/mask_11_4.png
"A dragonfly with wings made of stained glass, art nouveau style",FC_images/img_11_5.jpg,FC_masks/mask_11_5.png
"A dragonfly with wings made of stained glass, art nouveau style",FC_images/img_11_6.jpg,FC_masks/mask_11_6.png
"A dragonfly with wings made of stained glass, art nouveau style",FC_images/img_11_7.jpg,FC_masks/mask_11_7.png
"A dragonfly with wings made of stained glass, art nouveau style",FC_images/img_11_8.jpg,FC_masks/mask_11_8.png
"A dragonfly with wings made of stained glass, art nouveau style",FC_images/img_11_9.jpg,FC_masks/mask_11_9.png
"A dragonfly with wings made of stained glass, art nouveau style",FC_images/img_11_10.jpg,FC_masks/mask_11_10.png
"A dragonfly with wings made of stained glass, art nouveau style",FC_images/img_11_11.jpg,FC_masks/mask_11_11.png
"A giant acorn with a door and windows, fairy-tale illustration style",FC_images/img_12_0.jpg,FC_masks/mask_12_0.png
"A giant acorn with a door and windows, fairy-tale illustration style",FC_images/img_12_1.jpg,FC_masks/mask_12_1.png
"A giant acorn with a door and windows, fairy-tale illustration style",FC_images/img_12_2.jpg,FC_masks/mask_12_2.png
"A giant acorn with a door and windows, fairy-tale illustration style",FC_images/img_12_3.jpg,FC_masks/mask_12_3.png
"A giant acorn with a door and windows, fairy-tale illustration style",FC_images/img_12_4.jpg,FC_masks/mask_12_4.png
"A giant acorn with a door and windows, fairy-tale illustration style",FC_images/img_12_5.jpg,FC_masks/mask_12_5.png
"A giant acorn with a door and windows, fairy-tale illustration style",FC_images/img_12_6.jpg,FC_masks/mask_12_6.png
"A giant acorn with a door and windows, fairy-tale illustration style",FC_images/img_12_7.jpg,FC_masks/mask_12_7.png
"A giant acorn with a door and windows, fairy-tale illustration style",FC_images/img_12_8.jpg,FC_masks/mask_12_8.png
"A giant acorn with a door and windows, fairy-tale illustration style",FC_images/img_12_9.jpg,FC_masks/mask_12_9.png
"A giant acorn with a door and windows, fairy-tale illustration style",FC_images/img_12_10.jpg,FC_masks/mask_12_10.png
"A giant acorn with a door and windows, fairy-tale illustration style",FC_images/img_12_11.jpg,FC_masks/mask_12_11.png
"A crystal skull with neon lights inside, cyberpunk style",FC_images/img_13_0.jpg,FC_masks/mask_13_0.png
"A crystal skull with neon lights inside, cyberpunk style",FC_images/img_13_1.jpg,FC_masks/mask_13_1.png
"A crystal skull with neon lights inside, cyberpunk style",FC_images/img_13_2.jpg,FC_masks/mask_13_2.png
"A crystal skull with neon lights inside, cyberpunk style",FC_images/img_13_3.jpg,FC_masks/mask_13_3.png
"A crystal skull with neon lights inside, cyberpunk style",FC_images/img_13_4.jpg,FC_masks/mask_13_4.png
"A crystal skull with neon lights inside, cyberpunk style",FC_images/img_13_5.jpg,FC_masks/mask_13_5.png
"A crystal skull with neon lights inside, cyberpunk style",FC_images/img_13_6.jpg,FC_masks/mask_13_6.png
"A crystal skull with neon lights inside, cyberpunk style",FC_images/img_13_7.jpg,FC_masks/mask_13_7.png
"A crystal skull with neon lights inside, cyberpunk style",FC_images/img_13_8.jpg,FC_masks/mask_13_8.png
"A crystal skull with neon lights inside, cyberpunk style",FC_images/img_13_9.jpg,FC_masks/mask_13_9.png
"A crystal skull with neon lights inside, cyberpunk style",FC_images/img_13_10.jpg,FC_masks/mask_13_10.png
"A crystal skull with neon lights inside, cyberpunk style",FC_images/img_13_11.jpg,FC_masks/mask_13_11.png
"A violin made of ice, minimalist style",FC_images/img_14_0.jpg,FC_masks/mask_14_0.png
"A violin made of ice, minimalist style",FC_images/img_14_1.jpg,FC_masks/mask_14_1.png
"A violin made of ice, minimalist style",FC_images/img_14_2.jpg,FC_masks/mask_14_2.png
"A violin made of ice, minimalist style",FC_images/img_14_3.jpg,FC_masks/mask_14_3.png
"A violin made of ice, minimalist style",FC_images/img_14_4.jpg,FC_masks/mask_14_4.png
"A violin made of ice, minimalist style",FC_images/img_14_5.jpg,FC_masks/mask_14_5.png
"A violin made of ice, minimalist style",FC_images/img_14_6.jpg,FC_masks/mask_14_6.png
"A violin made of ice, minimalist style",FC_images/img_14_7.jpg,FC_masks/mask_14_7.png
"A violin made of ice, minimalist style",FC_images/img_14_8.jpg,FC_masks/mask_14_8.png
"A violin made of ice, minimalist style",FC_images/img_14_9.jpg,FC_masks/mask_14_9.png
"A violin made of ice, minimalist style",FC_images/img_14_10.jpg,FC_masks/mask_14_10.png
"A violin made of ice, minimalist style",FC_images/img_14_11.jpg,FC_masks/mask_14_11.png
"A robotic cat with solar panels on its back, futuristic style",FC_images/img_15_0.jpg,FC_masks/mask_15_0.png
"A robotic cat with solar panels on its back, futuristic style",FC_images/img_15_1.jpg,FC_masks/mask_15_1.png
"A robotic cat with solar panels on its back, futuristic style",FC_images/img_15_2.jpg,FC_masks/mask_15_2.png
"A robotic cat with solar panels on its back, futuristic style",FC_images/img_15_3.jpg,FC_masks/mask_15_3.png
"A robotic cat with solar panels on its back, futuristic style",FC_images/img_15_4.jpg,FC_masks/mask_15_4.png
"A robotic cat with solar panels on its back, futuristic style",FC_images/img_15_5.jpg,FC_masks/mask_15_5.png
"A robotic cat with solar panels on its back, futuristic style",FC_images/img_15_6.jpg,FC_masks/mask_15_6.png
"A robotic cat with solar panels on its back, futuristic style",FC_images/img_15_7.jpg,FC_masks/mask_15_7.png
"A robotic cat with solar panels on its back, futuristic style",FC_images/img_15_8.jpg,FC_masks/mask_15_8.png
"A robotic cat with solar panels on its back, futuristic style",FC_images/img_15_9.jpg,FC_masks/mask_15_9.png
"A robotic cat with solar panels on its back, futuristic style",FC_images/img_15_10.jpg,FC_masks/mask_15_10.png
"A robotic cat with solar panels on its back, futuristic style",FC_images/img_15_11.jpg,FC_masks/mask_15_11.png
"A teapot shaped like a floating cloud, whimsical cartoon style",FC_images/img_16_0.jpg,FC_masks/mask_16_0.png
"A teapot shaped like a floating cloud, whimsical cartoon style",FC_images/img_16_1.jpg,FC_masks/mask_16_1.png
"A teapot shaped like a floating cloud, whimsical cartoon style",FC_images/img_16_2.jpg,FC_masks/mask_16_2.png
"A teapot shaped like a floating cloud, whimsical cartoon style",FC_images/img_16_3.jpg,FC_masks/mask_16_3.png
"A teapot shaped like a floating cloud, whimsical cartoon style",FC_images/img_16_4.jpg,FC_masks/mask_16_4.png
"A teapot shaped like a floating cloud, whimsical cartoon style",FC_images/img_16_5.jpg,FC_masks/mask_16_5.png
"A teapot shaped like a floating cloud, whimsical cartoon style",FC_images/img_16_6.jpg,FC_masks/mask_16_6.png
"A teapot shaped like a floating cloud, whimsical cartoon style",FC_images/img_16_7.jpg,FC_masks/mask_16_7.png
"A teapot shaped like a floating cloud, whimsical cartoon style",FC_images/img_16_8.jpg,FC_masks/mask_16_8.png
"A teapot shaped like a floating cloud, whimsical cartoon style",FC_images/img_16_9.jpg,FC_masks/mask_16_9.png
"A teapot shaped like a floating cloud, whimsical cartoon style",FC_images/img_16_10.jpg,FC_masks/mask_16_10.png
"A teapot shaped like a floating cloud, whimsical cartoon style",FC_images/img_16_11.jpg,FC_masks/mask_16_11.png
"A pirate ship in the shape of a giant seashell, fantasy style",FC_images/img_17_0.jpg,FC_masks/mask_17_0.png
"A pirate ship in the shape of a giant seashell, fantasy style",FC_images/img_17_1.jpg,FC_masks/mask_17_1.png
"A pirate ship in the shape of a giant seashell, fantasy style",FC_images/img_17_2.jpg,FC_masks/mask_17_2.png
"A pirate ship in the shape of a giant seashell, fantasy style",FC_images/img_17_3.jpg,FC_masks/mask_17_3.png
"A pirate ship in the shape of a giant seashell, fantasy style",FC_images/img_17_4.jpg,FC_masks/mask_17_4.png
"A pirate ship in the shape of a giant seashell, fantasy style",FC_images/img_17_5.jpg,FC_masks/mask_17_5.png
"A pirate ship in the shape of a giant seashell, fantasy style",FC_images/img_17_6.jpg,FC_masks/mask_17_6.png
"A pirate ship in the shape of a giant seashell, fantasy style",FC_images/img_17_7.jpg,FC_masks/mask_17_7.png
"A pirate ship in the shape of a giant seashell, fantasy style",FC_images/img_17_8.jpg,FC_masks/mask_17_8.png
"A pirate ship in the shape of a giant seashell, fantasy style",FC_images/img_17_9.jpg,FC_masks/mask_17_9.png
"A pirate ship in the shape of a giant seashell, fantasy style",FC_images/img_17_10.jpg,FC_masks/mask_17_10.png
"A pirate ship in the shape of a giant seashell, fantasy style",FC_images/img_17_11.jpg,FC_masks/mask_17_11.png
"A pair of high heels made from flowers and vines, botanical art style",FC_images/img_18_0.jpg,FC_masks/mask_18_0.png
"A pair of high heels made from flowers and vines, botanical art style",FC_images/img_18_1.jpg,FC_masks/mask_18_1.png
"A pair of high heels made from flowers and vines, botanical art style",FC_images/img_18_2.jpg,FC_masks/mask_18_2.png
"A pair of high heels made from flowers and vines, botanical art style",FC_images/img_18_3.jpg,FC_masks/mask_18_3.png
"A pair of high heels made from flowers and vines, botanical art style",FC_images/img_18_4.jpg,FC_masks/mask_18_4.png
"A pair of high heels made from flowers and vines, botanical art style",FC_images/img_18_5.jpg,FC_masks/mask_18_5.png
"A pair of high heels made from flowers and vines, botanical art style",FC_images/img_18_6.jpg,FC_masks/mask_18_6.png
"A pair of high heels made from flowers and vines, botanical art style",FC_images/img_18_7.jpg,FC_masks/mask_18_7.png
"A pair of high heels made from flowers and vines, botanical art style",FC_images/img_18_8.jpg,FC_masks/mask_18_8.png
"A pair of high heels made from flowers and vines, botanical art style",FC_images/img_18_9.jpg,FC_masks/mask_18_9.png
"A pair of high heels made from flowers and vines, botanical art style",FC_images/img_18_10.jpg,FC_masks/mask_18_10.png
"A pair of high heels made from flowers and vines, botanical art style",FC_images/img_18_11.jpg,FC_masks/mask_18_11.png
"A giant pencil made of tree bark, eco-art style",FC_images/img_19_0.jpg,FC_masks/mask_19_0.png
"A giant pencil made of tree bark, eco-art style",FC_images/img_19_1.jpg,FC_masks/mask_19_1.png
"A giant pencil made of tree bark, eco-art style",FC_images/img_19_2.jpg,FC_masks/mask_19_2.png
"A giant pencil made of tree bark, eco-art style",FC_images/img_19_3.jpg,FC_masks/mask_19_3.png
"A giant pencil made of tree bark, eco-art style",FC_images/img_19_4.jpg,FC_masks/mask_19_4.png
"A giant pencil made of tree bark, eco-art style",FC_images/img_19_5.jpg,FC_masks/mask_19_5.png
"A giant pencil made of tree bark, eco-art style",FC_images/img_19_6.jpg,FC_masks/mask_19_6.png
"A giant pencil made of tree bark, eco-art style",FC_images/img_19_7.jpg,FC_masks/mask_19_7.png
"A giant pencil made of tree bark, eco-art style",FC_images/img_19_8.jpg,FC_masks/mask_19_8.png
"A giant pencil made of tree bark, eco-art style",FC_images/img_19_9.jpg,FC_masks/mask_19_9.png
"A giant pencil made of tree bark, eco-art style",FC_images/img_19_10.jpg,FC_masks/mask_19_10.png
"A giant pencil made of tree bark, eco-art style",FC_images/img_19_11.jpg,FC_masks/mask_19_11.png
"A motorcycle covered in moss and flowers, post-apocalyptic style",FC_images/img_20_0.jpg,FC_masks/mask_20_0.png
"A motorcycle covered in moss and flowers, post-apocalyptic style",FC_images/img_20_1.jpg,FC_masks/mask_20_1.png
"A motorcycle covered in moss and flowers, post-apocalyptic style",FC_images/img_20_2.jpg,FC_masks/mask_20_2.png
"A motorcycle covered in moss and flowers, post-apocalyptic style",FC_images/img_20_3.jpg,FC_masks/mask_20_3.png
"A motorcycle covered in moss and flowers, post-apocalyptic style",FC_images/img_20_4.jpg,FC_masks/mask_20_4.png
"A motorcycle covered in moss and flowers, post-apocalyptic style",FC_images/img_20_5.jpg,FC_masks/mask_20_5.png
"A motorcycle covered in moss and flowers, post-apocalyptic style",FC_images/img_20_6.jpg,FC_masks/mask_20_6.png
"A motorcycle covered in moss and flowers, post-apocalyptic style",FC_images/img_20_7.jpg,FC_masks/mask_20_7.png
"A motorcycle covered in moss and flowers, post-apocalyptic style",FC_images/img_20_8.jpg,FC_masks/mask_20_8.png
"A motorcycle covered in moss and flowers, post-apocalyptic style",FC_images/img_20_9.jpg,FC_masks/mask_20_9.png
"A motorcycle covered in moss and flowers, post-apocalyptic style",FC_images/img_20_10.jpg,FC_masks/mask_20_10.png
"A motorcycle covered in moss and flowers, post-apocalyptic style",FC_images/img_20_11.jpg,FC_masks/mask_20_11.png
"A lantern shaped like a crescent moon, dreamlike fantasy style",FC_images/img_21_0.jpg,FC_masks/mask_21_0.png
"A lantern shaped like a crescent moon, dreamlike fantasy style",FC_images/img_21_1.jpg,FC_masks/mask_21_1.png
"A lantern shaped like a crescent moon, dreamlike fantasy style",FC_images/img_21_2.jpg,FC_masks/mask_21_2.png
"A lantern shaped like a crescent moon, dreamlike fantasy style",FC_images/img_21_3.jpg,FC_masks/mask_21_3.png
"A lantern shaped like a crescent moon, dreamlike fantasy style",FC_images/img_21_4.jpg,FC_masks/mask_21_4.png
"A lantern shaped like a crescent moon, dreamlike fantasy style",FC_images/img_21_5.jpg,FC_masks/mask_21_5.png
"A lantern shaped like a crescent moon, dreamlike fantasy style",FC_images/img_21_6.jpg,FC_masks/mask_21_6.png
"A lantern shaped like a crescent moon, dreamlike fantasy style",FC_images/img_21_7.jpg,FC_masks/mask_21_7.png
"A lantern shaped like a crescent moon, dreamlike fantasy style",FC_images/img_21_8.jpg,FC_masks/mask_21_8.png
"A lantern shaped like a crescent moon, dreamlike fantasy style",FC_images/img_21_9.jpg,FC_masks/mask_21_9.png
"A lantern shaped like a crescent moon, dreamlike fantasy style",FC_images/img_21_10.jpg,FC_masks/mask_21_10.png
"A lantern shaped like a crescent moon, dreamlike fantasy style",FC_images/img_21_11.jpg,FC_masks/mask_21_11.png
"A chess piece knight made of crystal, luxury art style",FC_images/img_22_0.jpg,FC_masks/mask_22_0.png
"A chess piece knight made of crystal, luxury art style",FC_images/img_22_1.jpg,FC_masks/mask_22_1.png
"A chess piece knight made of crystal, luxury art style",FC_images/img_22_2.jpg,FC_masks/mask_22_2.png
"A chess piece knight made of crystal, luxury art style",FC_images/img_22_3.jpg,FC_masks/mask_22_3.png
"A chess piece knight made of crystal, luxury art style",FC_images/img_22_4.jpg,FC_masks/mask_22_4.png
"A chess piece knight made of crystal, luxury art style",FC_images/img_22_5.jpg,FC_masks/mask_22_5.png
"A chess piece knight made of crystal, luxury art style",FC_images/img_22_6.jpg,FC_masks/mask_22_6.png
"A chess piece knight made of crystal, luxury art style",FC_images/img_22_7.jpg,FC_masks/mask_22_7.png
"A chess piece knight made of crystal, luxury art style",FC_images/img_22_8.jpg,FC_masks/mask_22_8.png
"A chess piece knight made of crystal, luxury art style",FC_images/img_22_9.jpg,FC_masks/mask_22_9.png
"A chess piece knight made of crystal, luxury art style",FC_images/img_22_10.jpg,FC_masks/mask_22_10.png
"A chess piece knight made of crystal, luxury art style",FC_images/img_22_11.jpg,FC_masks/mask_22_11.png
"A coffee cup with steam that forms clouds and birds, surrealist style",FC_images/img_23_0.jpg,FC_masks/mask_23_0.png
"A coffee cup with steam that forms clouds and birds, surrealist style",FC_images/img_23_1.jpg,FC_masks/mask_23_1.png
"A coffee cup with steam that forms clouds and birds, surrealist style",FC_images/img_23_2.jpg,FC_masks/mask_23_2.png
"A coffee cup with steam that forms clouds and birds, surrealist style",FC_images/img_23_3.jpg,FC_masks/mask_23_3.png
"A coffee cup with steam that forms clouds and birds, surrealist style",FC_images/img_23_4.jpg,FC_masks/mask_23_4.png
"A coffee cup with steam that forms clouds and birds, surrealist style",FC_images/img_23_5.jpg,FC_masks/mask_23_5.png
"A coffee cup with steam that forms clouds and birds, surrealist style",FC_images/img_23_6.jpg,FC_masks/mask_23_6.png
"A coffee cup with steam that forms clouds and birds, surrealist style",FC_images/img_23_7.jpg,FC_masks/mask_23_7.png
"A coffee cup with steam that forms clouds and birds, surrealist style",FC_images/img_23_8.jpg,FC_masks/mask_23_8.png
"A coffee cup with steam that forms clouds and birds, surrealist style",FC_images/img_23_9.jpg,FC_masks/mask_23_9.png
"A coffee cup with steam that forms clouds and birds, surrealist style",FC_images/img_23_10.jpg,FC_masks/mask_23_10.png
"A coffee cup with steam that forms clouds and birds, surrealist style",FC_images/img_23_11.jpg,FC_masks/mask_23_11.png
"A mirror that reflects a different world, dark fantasy style",FC_images/img_24_0.jpg,FC_masks/mask_24_0.png
"A mirror that reflects a different world, dark fantasy style",FC_images/img_24_1.jpg,FC_masks/mask_24_1.png
"A mirror that reflects a different world, dark fantasy style",FC_images/img_24_2.jpg,FC_masks/mask_24_2.png
"A mirror that reflects a different world, dark fantasy style",FC_images/img_24_3.jpg,FC_masks/mask_24_3.png
"A mirror that reflects a different world, dark fantasy style",FC_images/img_24_4.jpg,FC_masks/mask_24_4.png
"A mirror that reflects a different world, dark fantasy style",FC_images/img_24_5.jpg,FC_masks/mask_24_5.png
"A mirror that reflects a different world, dark fantasy style",FC_images/img_24_6.jpg,FC_masks/mask_24_6.png
"A mirror that reflects a different world, dark fantasy style",FC_images/img_24_7.jpg,FC_masks/mask_24_7.png
"A mirror that reflects a different world, dark fantasy style",FC_images/img_24_8.jpg,FC_masks/mask_24_8.png
"A mirror that reflects a different world, dark fantasy style",FC_images/img_24_9.jpg,FC_masks/mask_24_9.png
"A mirror that reflects a different world, dark fantasy style",FC_images/img_24_10.jpg,FC_masks/mask_24_10.png
"A mirror that reflects a different world, dark fantasy style",FC_images/img_24_11.jpg,FC_masks/mask_24_11.png
"A feathered quill pen with fire at the tip, magical realism style",FC_images/img_25_0.jpg,FC_masks/mask_25_0.png
"A feathered quill pen with fire at the tip, magical realism style",FC_images/img_25_1.jpg,FC_masks/mask_25_1.png
"A feathered quill pen with fire at the tip, magical realism style",FC_images/img_25_2.jpg,FC_masks/mask_25_2.png
"A feathered quill pen with fire at the tip, magical realism style",FC_images/img_25_3.jpg,FC_masks/mask_25_3.png
"A feathered quill pen with fire at the tip, magical realism style",FC_images/img_25_4.jpg,FC_masks/mask_25_4.png
"A feathered quill pen with fire at the tip, magical realism style",FC_images/img_25_5.jpg,FC_masks/mask_25_5.png
"A feathered quill pen with fire at the tip, magical realism style",FC_images/img_25_6.jpg,FC_masks/mask_25_6.png
"A feathered quill pen with fire at the tip, magical realism style",FC_images/img_25_7.jpg,FC_masks/mask_25_7.png
"A feathered quill pen with fire at the tip, magical realism style",FC_images/img_25_8.jpg,FC_masks/mask_25_8.png
"A feathered quill pen with fire at the tip, magical realism style",FC_images/img_25_9.jpg,FC_masks/mask_25_9.png
"A feathered quill pen with fire at the tip, magical realism style",FC_images/img_25_10.jpg,FC_masks/mask_25_10.png
"A feathered quill pen with fire at the tip, magical realism style",FC_images/img_25_11.jpg,FC_masks/mask_25_11.png
"A mechanical owl with glowing eyes, steampunk style",FC_images/img_26_0.jpg,FC_masks/mask_26_0.png
"A mechanical owl with glowing eyes, steampunk style",FC_images/img_26_1.jpg,FC_masks/mask_26_1.png
"A mechanical owl with glowing eyes, steampunk style",FC_images/img_26_2.jpg,FC_masks/mask_26_2.png
"A mechanical owl with glowing eyes, steampunk style",FC_images/img_26_3.jpg,FC_masks/mask_26_3.png
"A mechanical owl with glowing eyes, steampunk style",FC_images/img_26_4.jpg,FC_masks/mask_26_4.png
"A mechanical owl with glowing eyes, steampunk style",FC_images/img_26_5.jpg,FC_masks/mask_26_5.png
"A mechanical owl with glowing eyes, steampunk style",FC_images/img_26_6.jpg,FC_masks/mask_26_6.png
"A mechanical owl with glowing eyes, steampunk style",FC_images/img_26_7.jpg,FC_masks/mask_26_7.png
"A mechanical owl with glowing eyes, steampunk style",FC_images/img_26_8.jpg,FC_masks/mask_26_8.png
"A mechanical owl with glowing eyes, steampunk style",FC_images/img_26_9.jpg,FC_masks/mask_26_9.png
"A mechanical owl with glowing eyes, steampunk style",FC_images/img_26_10.jpg,FC_masks/mask_26_10.png
"A mechanical owl with glowing eyes, steampunk style",FC_images/img_26_11.jpg,FC_masks/mask_26_11.png
"A jellyfish made of floating origami paper, abstract art style",FC_images/img_27_0.jpg,FC_masks/mask_27_0.png
"A jellyfish made of floating origami paper, abstract art style",FC_images/img_27_1.jpg,FC_masks/mask_27_1.png
"A jellyfish made of floating origami paper, abstract art style",FC_images/img_27_2.jpg,FC_masks/mask_27_2.png
"A jellyfish made of floating origami paper, abstract art style",FC_images/img_27_3.jpg,FC_masks/mask_27_3.png
"A jellyfish made of floating origami paper, abstract art style",FC_images/img_27_4.jpg,FC_masks/mask_27_4.png
"A jellyfish made of floating origami paper, abstract art style",FC_images/img_27_5.jpg,FC_masks/mask_27_5.png
"A jellyfish made of floating origami paper, abstract art style",FC_images/img_27_6.jpg,FC_masks/mask_27_6.png
"A jellyfish made of floating origami paper, abstract art style",FC_images/img_27_7.jpg,FC_masks/mask_27_7.png
"A jellyfish made of floating origami paper, abstract art style",FC_images/img_27_8.jpg,FC_masks/mask_27_8.png
"A jellyfish made of floating origami paper, abstract art style",FC_images/img_27_9.jpg,FC_masks/mask_27_9.png
"A jellyfish made of floating origami paper, abstract art style",FC_images/img_27_10.jpg,FC_masks/mask_27_10.png
"A jellyfish made of floating origami paper, abstract art style",FC_images/img_27_11.jpg,FC_masks/mask_27_11.png
"A bicycle with wheels made of giant gears, industrial art style",FC_images/img_28_0.jpg,FC_masks/mask_28_0.png
"A bicycle with wheels made of giant gears, industrial art style",FC_images/img_28_1.jpg,FC_masks/mask_28_1.png
"A bicycle with wheels made of giant gears, industrial art style",FC_images/img_28_2.jpg,FC_masks/mask_28_2.png
"A bicycle with wheels made of giant gears, industrial art style",FC_images/img_28_3.jpg,FC_masks/mask_28_3.png
"A bicycle with wheels made of giant gears, industrial art style",FC_images/img_28_4.jpg,FC_masks/mask_28_4.png
"A bicycle with wheels made of giant gears, industrial art style",FC_images/img_28_5.jpg,FC_masks/mask_28_5.png
"A bicycle with wheels made of giant gears, industrial art style",FC_images/img_28_6.jpg,FC_masks/mask_28_6.png
"A bicycle with wheels made of giant gears, industrial art style",FC_images/img_28_7.jpg,FC_masks/mask_28_7.png
"A bicycle with wheels made of giant gears, industrial art style",FC_images/img_28_8.jpg,FC_masks/mask_28_8.png
"A bicycle with wheels made of giant gears, industrial art style",FC_images/img_28_9.jpg,FC_masks/mask_28_9.png
"A bicycle with wheels made of giant gears, industrial art style",FC_images/img_28_10.jpg,FC_masks/mask_28_10.png
"A bicycle with wheels made of giant gears, industrial art style",FC_images/img_28_11.jpg,FC_masks/mask_28_11.png
"A crown made of icicles and snowflakes, winter fantasy style",FC_images/img_29_0.jpg,FC_masks/mask_29_0.png
"A crown made of icicles and snowflakes, winter fantasy style",FC_images/img_29_1.jpg,FC_masks/mask_29_1.png
"A crown made of icicles and snowflakes, winter fantasy style",FC_images/img_29_2.jpg,FC_masks/mask_29_2.png
"A crown made of icicles and snowflakes, winter fantasy style",FC_images/img_29_3.jpg,FC_masks/mask_29_3.png
"A crown made of icicles and snowflakes, winter fantasy style",FC_images/img_29_4.jpg,FC_masks/mask_29_4.png
"A crown made of icicles and snowflakes, winter fantasy style",FC_images/img_29_5.jpg,FC_masks/mask_29_5.png
"A crown made of icicles and snowflakes, winter fantasy style",FC_images/img_29_6.jpg,FC_masks/mask_29_6.png
"A crown made of icicles and snowflakes, winter fantasy style",FC_images/img_29_7.jpg,FC_masks/mask_29_7.png
"A crown made of icicles and snowflakes, winter fantasy style",FC_images/img_29_8.jpg,FC_masks/mask_29_8.png
"A crown made of icicles and snowflakes, winter fantasy style",FC_images/img_29_9.jpg,FC_masks/mask_29_9.png
"A crown made of icicles and snowflakes, winter fantasy style",FC_images/img_29_10.jpg,FC_masks/mask_29_10.png
"A crown made of icicles and snowflakes, winter fantasy style",FC_images/img_29_11.jpg,FC_masks/mask_29_11.png
"A guitar with strings made of light, neon retro style",FC_images/img_30_0.jpg,FC_masks/mask_30_0.png
"A guitar with strings made of light, neon retro style",FC_images/img_30_1.jpg,FC_masks/mask_30_1.png
"A guitar with strings made of light, neon retro style",FC_images/img_30_2.jpg,FC_masks/mask_30_2.png
"A guitar with strings made of light, neon retro style",FC_images/img_30_3.jpg,FC_masks/mask_30_3.png
"A guitar with strings made of light, neon retro style",FC_images/img_30_4.jpg,FC_masks/mask_30_4.png
"A guitar with strings made of light, neon retro style",FC_images/img_30_5.jpg,FC_masks/mask_30_5.png
"A guitar with strings made of light, neon retro style",FC_images/img_30_6.jpg,FC_masks/mask_30_6.png
"A guitar with strings made of light, neon retro style",FC_images/img_30_7.jpg,FC_masks/mask_30_7.png
"A guitar with strings made of light, neon retro style",FC_images/img_30_8.jpg,FC_masks/mask_30_8.png
"A guitar with strings made of light, neon retro style",FC_images/img_30_9.jpg,FC_masks/mask_30_9.png
"A guitar with strings made of light, neon retro style",FC_images/img_30_10.jpg,FC_masks/mask_30_10.png
"A guitar with strings made of light, neon retro style",FC_images/img_30_11.jpg,FC_masks/mask_30_11.png
"A key made of twisting vines and flowers, nature-inspired fantasy style",FC_images/img_31_0.jpg,FC_masks/mask_31_0.png
"A key made of twisting vines and flowers, nature-inspired fantasy style",FC_images/img_31_1.jpg,FC_masks/mask_31_1.png
"A key made of twisting vines and flowers, nature-inspired fantasy style",FC_images/img_31_2.jpg,FC_masks/mask_31_2.png
"A key made of twisting vines and flowers, nature-inspired fantasy style",FC_images/img_31_3.jpg,FC_masks/mask_31_3.png
"A key made of twisting vines and flowers, nature-inspired fantasy style",FC_images/img_31_4.jpg,FC_masks/mask_31_4.png
"A key made of twisting vines and flowers, nature-inspired fantasy style",FC_images/img_31_5.jpg,FC_masks/mask_31_5.png
"A key made of twisting vines and flowers, nature-inspired fantasy style",FC_images/img_31_6.jpg,FC_masks/mask_31_6.png
"A key made of twisting vines and flowers, nature-inspired fantasy style",FC_images/img_31_7.jpg,FC_masks/mask_31_7.png
"A key made of twisting vines and flowers, nature-inspired fantasy style",FC_images/img_31_8.jpg,FC_masks/mask_31_8.png
"A key made of twisting vines and flowers, nature-inspired fantasy style",FC_images/img_31_9.jpg,FC_masks/mask_31_9.png
"A key made of twisting vines and flowers, nature-inspired fantasy style",FC_images/img_31_10.jpg,FC_masks/mask_31_10.png
"A key made of twisting vines and flowers, nature-inspired fantasy style",FC_images/img_31_11.jpg,FC_masks/mask_31_11.png
"A chessboard with pieces made of living crystals, futuristic design style",FC_images/img_32_0.jpg,FC_masks/mask_32_0.png
"A chessboard with pieces made of living crystals, futuristic design style",FC_images/img_32_1.jpg,FC_masks/mask_32_1.png
"A chessboard with pieces made of living crystals, futuristic design style",FC_images/img_32_2.jpg,FC_masks/mask_32_2.png
"A chessboard with pieces made of living crystals, futuristic design style",FC_images/img_32_3.jpg,FC_masks/mask_32_3.png
"A chessboard with pieces made of living crystals, futuristic design style",FC_images/img_32_4.jpg,FC_masks/mask_32_4.png
"A chessboard with pieces made of living crystals, futuristic design style",FC_images/img_32_5.jpg,FC_masks/mask_32_5.png
"A chessboard with pieces made of living crystals, futuristic design style",FC_images/img_32_6.jpg,FC_masks/mask_32_6.png
"A chessboard with pieces made of living crystals, futuristic design style",FC_images/img_32_7.jpg,FC_masks/mask_32_7.png
"A chessboard with pieces made of living crystals, futuristic design style",FC_images/img_32_8.jpg,FC_masks/mask_32_8.png
"A chessboard with pieces made of living crystals, futuristic design style",FC_images/img_32_9.jpg,FC_masks/mask_32_9.png
"A chessboard with pieces made of living crystals, futuristic design style",FC_images/img_32_10.jpg,FC_masks/mask_32_10.png
"A chessboard with pieces made of living crystals, futuristic design style",FC_images/img_32_11.jpg,FC_masks/mask_32_11.png
"A pair of glasses with lenses showing the night sky, celestial theme style",FC_images/img_33_0.jpg,FC_masks/mask_33_0.png
"A pair of glasses with lenses showing the night sky, celestial theme style",FC_images/img_33_1.jpg,FC_masks/mask_33_1.png
"A pair of glasses with lenses showing the night sky, celestial theme style",FC_images/img_33_2.jpg,FC_masks/mask_33_2.png
"A pair of glasses with lenses showing the night sky, celestial theme style",FC_images/img_33_3.jpg,FC_masks/mask_33_3.png
"A pair of glasses with lenses showing the night sky, celestial theme style",FC_images/img_33_4.jpg,FC_masks/mask_33_4.png
"A pair of glasses with lenses showing the night sky, celestial theme style",FC_images/img_33_5.jpg,FC_masks/mask_33_5.png
"A pair of glasses with lenses showing the night sky, celestial theme style",FC_images/img_33_6.jpg,FC_masks/mask_33_6.png
"A pair of glasses with lenses showing the night sky, celestial theme style",FC_images/img_33_7.jpg,FC_masks/mask_33_7.png
"A pair of glasses with lenses showing the night sky, celestial theme style",FC_images/img_33_8.jpg,FC_masks/mask_33_8.png
"A pair of glasses with lenses showing the night sky, celestial theme style",FC_images/img_33_9.jpg,FC_masks/mask_33_9.png
"A pair of glasses with lenses showing the night sky, celestial theme style",FC_images/img_33_10.jpg,FC_masks/mask_33_10.png
"A pair of glasses with lenses showing the night sky, celestial theme style",FC_images/img_33_11.jpg,FC_masks/mask_33_11.png
"A dragon curled around a glowing orb, mythological art style",FC_images/img_34_0.jpg,FC_masks/mask_34_0.png
"A dragon curled around a glowing orb, mythological art style",FC_images/img_34_1.jpg,FC_masks/mask_34_1.png
"A dragon curled around a glowing orb, mythological art style",FC_images/img_34_2.jpg,FC_masks/mask_34_2.png
"A dragon curled around a glowing orb, mythological art style",FC_images/img_34_3.jpg,FC_masks/mask_34_3.png
"A dragon curled around a glowing orb, mythological art style",FC_images/img_34_4.jpg,FC_masks/mask_34_4.png
"A dragon curled around a glowing orb, mythological art style",FC_images/img_34_5.jpg,FC_masks/mask_34_5.png
"A dragon curled around a glowing orb, mythological art style",FC_images/img_34_6.jpg,FC_masks/mask_34_6.png
"A dragon curled around a glowing orb, mythological art style",FC_images/img_34_7.jpg,FC_masks/mask_34_7.png
"A dragon curled around a glowing orb, mythological art style",FC_images/img_34_8.jpg,FC_masks/mask_34_8.png
"A dragon curled around a glowing orb, mythological art style",FC_images/img_34_9.jpg,FC_masks/mask_34_9.png
"A dragon curled around a glowing orb, mythological art style",FC_images/img_34_10.jpg,FC_masks/mask_34_10.png
"A dragon curled around a glowing orb, mythological art style",FC_images/img_34_11.jpg,FC_masks/mask_34_11.png
"Three penguins playing music together, eco-illustration style",FC_images/img_35_0.jpg,FC_masks/mask_35_0.png
"Three penguins playing music together, eco-illustration style",FC_images/img_35_1.jpg,FC_masks/mask_35_1.png
"Three penguins playing music together, eco-illustration style",FC_images/img_35_2.jpg,FC_masks/mask_35_2.png
"Three penguins playing music together, eco-illustration style",FC_images/img_35_3.jpg,FC_masks/mask_35_3.png
"Three penguins playing music together, eco-illustration style",FC_images/img_35_4.jpg,FC_masks/mask_35_4.png
"Three penguins playing music together, eco-illustration style",FC_images/img_35_5.jpg,FC_masks/mask_35_5.png
"Three penguins playing music together, eco-illustration style",FC_images/img_35_6.jpg,FC_masks/mask_35_6.png
"Three penguins playing music together, eco-illustration style",FC_images/img_35_7.jpg,FC_masks/mask_35_7.png
"Three penguins playing music together, eco-illustration style",FC_images/img_35_8.jpg,FC_masks/mask_35_8.png
"Three penguins playing music together, eco-illustration style",FC_images/img_35_9.jpg,FC_masks/mask_35_9.png
"Three penguins playing music together, eco-illustration style",FC_images/img_35_10.jpg,FC_masks/mask_35_10.png
"Three penguins playing music together, eco-illustration style",FC_images/img_35_11.jpg,FC_masks/mask_35_11.png
"A dog and a cat facing each other, comic book style, full body",FC_images/img_36_0.jpg,FC_masks/mask_36_0.png
"A dog and a cat facing each other, comic book style, full body",FC_images/img_36_1.jpg,FC_masks/mask_36_1.png
"A dog and a cat facing each other, comic book style, full body",FC_images/img_36_2.jpg,FC_masks/mask_36_2.png
"A dog and a cat facing each other, comic book style, full body",FC_images/img_36_3.jpg,FC_masks/mask_36_3.png
"A dog and a cat facing each other, comic book style, full body",FC_images/img_36_4.jpg,FC_masks/mask_36_4.png
"A dog and a cat facing each other, comic book style, full body",FC_images/img_36_5.jpg,FC_masks/mask_36_5.png
"A dog and a cat facing each other, comic book style, full body",FC_images/img_36_6.jpg,FC_masks/mask_36_6.png
"A dog and a cat facing each other, comic book style, full body",FC_images/img_36_7.jpg,FC_masks/mask_36_7.png
"A dog and a cat facing each other, comic book style, full body",FC_images/img_36_8.jpg,FC_masks/mask_36_8.png
"A dog and a cat facing each other, comic book style, full body",FC_images/img_36_9.jpg,FC_masks/mask_36_9.png
"A dog and a cat facing each other, comic book style, full body",FC_images/img_36_10.jpg,FC_masks/mask_36_10.png
"A dog and a cat facing each other, comic book style, full body",FC_images/img_36_11.jpg,FC_masks/mask_36_11.png
"Two knights fighting, medieval manuscript style",FC_images/img_37_0.jpg,FC_masks/mask_37_0.png
"Two knights fighting, medieval manuscript style",FC_images/img_37_1.jpg,FC_masks/mask_37_1.png
"Two knights fighting, medieval manuscript style",FC_images/img_37_2.jpg,FC_masks/mask_37_2.png
"Two knights fighting, medieval manuscript style",FC_images/img_37_3.jpg,FC_masks/mask_37_3.png
"Two knights fighting, medieval manuscript style",FC_images/img_37_4.jpg,FC_masks/mask_37_4.png
"Two knights fighting, medieval manuscript style",FC_images/img_37_5.jpg,FC_masks/mask_37_5.png
"Two knights fighting, medieval manuscript style",FC_images/img_37_6.jpg,FC_masks/mask_37_6.png
"Two knights fighting, medieval manuscript style",FC_images/img_37_7.jpg,FC_masks/mask_37_7.png
"Two knights fighting, medieval manuscript style",FC_images/img_37_8.jpg,FC_masks/mask_37_8.png
"Two knights fighting, medieval manuscript style",FC_images/img_37_9.jpg,FC_masks/mask_37_9.png
"Two knights fighting, medieval manuscript style",FC_images/img_37_10.jpg,FC_masks/mask_37_10.png
"Two knights fighting, medieval manuscript style",FC_images/img_37_11.jpg,FC_masks/mask_37_11.png
"A white fish and a black fish floating in the sky, fairytale illustration style",FC_images/img_38_0.jpg,FC_masks/mask_38_0.png
"A white fish and a black fish floating in the sky, fairytale illustration style",FC_images/img_38_1.jpg,FC_masks/mask_38_1.png
"A white fish and a black fish floating in the sky, fairytale illustration style",FC_images/img_38_2.jpg,FC_masks/mask_38_2.png
"A white fish and a black fish floating in the sky, fairytale illustration style",FC_images/img_38_3.jpg,FC_masks/mask_38_3.png
"A white fish and a black fish floating in the sky, fairytale illustration style",FC_images/img_38_4.jpg,FC_masks/mask_38_4.png
"A white fish and a black fish floating in the sky, fairytale illustration style",FC_images/img_38_5.jpg,FC_masks/mask_38_5.png
"A white fish and a black fish floating in the sky, fairytale illustration style",FC_images/img_38_6.jpg,FC_masks/mask_38_6.png
"A white fish and a black fish floating in the sky, fairytale illustration style",FC_images/img_38_7.jpg,FC_masks/mask_38_7.png
"A white fish and a black fish floating in the sky, fairytale illustration style",FC_images/img_38_8.jpg,FC_masks/mask_38_8.png
"A white fish and a black fish floating in the sky, fairytale illustration style",FC_images/img_38_9.jpg,FC_masks/mask_38_9.png
"A white fish and a black fish floating in the sky, fairytale illustration style",FC_images/img_38_10.jpg,FC_masks/mask_38_10.png
"A white fish and a black fish floating in the sky, fairytale illustration style",FC_images/img_38_11.jpg,FC_masks/mask_38_11.png
"A wolf and a sheep sitting by and chatting, watercolor style",FC_images/img_39_0.jpg,FC_masks/mask_39_0.png
"A wolf and a sheep sitting by and chatting, watercolor style",FC_images/img_39_1.jpg,FC_masks/mask_39_1.png
"A wolf and a sheep sitting by and chatting, watercolor style",FC_images/img_39_2.jpg,FC_masks/mask_39_2.png
"A wolf and a sheep sitting by and chatting, watercolor style",FC_images/img_39_3.jpg,FC_masks/mask_39_3.png
"A wolf and a sheep sitting by and chatting, watercolor style",FC_images/img_39_4.jpg,FC_masks/mask_39_4.png
"A wolf and a sheep sitting by and chatting, watercolor style",FC_images/img_39_5.jpg,FC_masks/mask_39_5.png
"A wolf and a sheep sitting by and chatting, watercolor style",FC_images/img_39_6.jpg,FC_masks/mask_39_6.png
"A wolf and a sheep sitting by and chatting, watercolor style",FC_images/img_39_7.jpg,FC_masks/mask_39_7.png
"A wolf and a sheep sitting by and chatting, watercolor style",FC_images/img_39_8.jpg,FC_masks/mask_39_8.png
"A wolf and a sheep sitting by and chatting, watercolor style",FC_images/img_39_9.jpg,FC_masks/mask_39_9.png
"A wolf and a sheep sitting by and chatting, watercolor style",FC_images/img_39_10.jpg,FC_masks/mask_39_10.png
"A wolf and a sheep sitting by and chatting, watercolor style",FC_images/img_39_11.jpg,FC_masks/mask_39_11.png
"A human fighting a huge dinosaur, pixel art style",FC_images/img_40_0.jpg,FC_masks/mask_40_0.png
"A human fighting a huge dinosaur, pixel art style",FC_images/img_40_1.jpg,FC_masks/mask_40_1.png
"A human fighting a huge dinosaur, pixel art style",FC_images/img_40_2.jpg,FC_masks/mask_40_2.png
"A human fighting a huge dinosaur, pixel art style",FC_images/img_40_3.jpg,FC_masks/mask_40_3.png
"A human fighting a huge dinosaur, pixel art style",FC_images/img_40_4.jpg,FC_masks/mask_40_4.png
"A human fighting a huge dinosaur, pixel art style",FC_images/img_40_5.jpg,FC_masks/mask_40_5.png
"A human fighting a huge dinosaur, pixel art style",FC_images/img_40_6.jpg,FC_masks/mask_40_6.png
"A human fighting a huge dinosaur, pixel art style",FC_images/img_40_7.jpg,FC_masks/mask_40_7.png
"A human fighting a huge dinosaur, pixel art style",FC_images/img_40_8.jpg,FC_masks/mask_40_8.png
"A human fighting a huge dinosaur, pixel art style",FC_images/img_40_9.jpg,FC_masks/mask_40_9.png
"A human fighting a huge dinosaur, pixel art style",FC_images/img_40_10.jpg,FC_masks/mask_40_10.png
"A human fighting a huge dinosaur, pixel art style",FC_images/img_40_11.jpg,FC_masks/mask_40_11.png
"A bear and a rabbit riding bicycles through the forest, childrens book illustration style",FC_images/img_41_0.jpg,FC_masks/mask_41_0.png
"A bear and a rabbit riding bicycles through the forest, childrens book illustration style",FC_images/img_41_1.jpg,FC_masks/mask_41_1.png
"A bear and a rabbit riding bicycles through the forest, childrens book illustration style",FC_images/img_41_2.jpg,FC_masks/mask_41_2.png
"A bear and a rabbit riding bicycles through the forest, childrens book illustration style",FC_images/img_41_3.jpg,FC_masks/mask_41_3.png
"A bear and a rabbit riding bicycles through the forest, childrens book illustration style",FC_images/img_41_4.jpg,FC_masks/mask_41_4.png
"A bear and a rabbit riding bicycles through the forest, childrens book illustration style",FC_images/img_41_5.jpg,FC_masks/mask_41_5.png
"A bear and a rabbit riding bicycles through the forest, childrens book illustration style",FC_images/img_41_6.jpg,FC_masks/mask_41_6.png
"A bear and a rabbit riding bicycles through the forest, childrens book illustration style",FC_images/img_41_7.jpg,FC_masks/mask_41_7.png
"A bear and a rabbit riding bicycles through the forest, childrens book illustration style",FC_images/img_41_8.jpg,FC_masks/mask_41_8.png
"A bear and a rabbit riding bicycles through the forest, childrens book illustration style",FC_images/img_41_9.jpg,FC_masks/mask_41_9.png
"A bear and a rabbit riding bicycles through the forest, childrens book illustration style",FC_images/img_41_10.jpg,FC_masks/mask_41_10.png
"A bear and a rabbit riding bicycles through the forest, childrens book illustration style",FC_images/img_41_11.jpg,FC_masks/mask_41_11.png
"A horse and a lion dancing in a ballroom, art deco style",FC_images/img_42_0.jpg,FC_masks/mask_42_0.png
"A horse and a lion dancing in a ballroom, art deco style",FC_images/img_42_1.jpg,FC_masks/mask_42_1.png
"A horse and a lion dancing in a ballroom, art deco style",FC_images/img_42_2.jpg,FC_masks/mask_42_2.png
"A horse and a lion dancing in a ballroom, art deco style",FC_images/img_42_3.jpg,FC_masks/mask_42_3.png
"A horse and a lion dancing in a ballroom, art deco style",FC_images/img_42_4.jpg,FC_masks/mask_42_4.png
"A horse and a lion dancing in a ballroom, art deco style",FC_images/img_42_5.jpg,FC_masks/mask_42_5.png
"A horse and a lion dancing in a ballroom, art deco style",FC_images/img_42_6.jpg,FC_masks/mask_42_6.png
"A horse and a lion dancing in a ballroom, art deco style",FC_images/img_42_7.jpg,FC_masks/mask_42_7.png
"A horse and a lion dancing in a ballroom, art deco style",FC_images/img_42_8.jpg,FC_masks/mask_42_8.png
"A horse and a lion dancing in a ballroom, art deco style",FC_images/img_42_9.jpg,FC_masks/mask_42_9.png
"A horse and a lion dancing in a ballroom, art deco style",FC_images/img_42_10.jpg,FC_masks/mask_42_10.png
"A horse and a lion dancing in a ballroom, art deco style",FC_images/img_42_11.jpg,FC_masks/mask_42_11.png
"A wolf and a fox sitting by a campfire telling stories, rustic style",FC_images/img_43_0.jpg,FC_masks/mask_43_0.png
"A wolf and a fox sitting by a campfire telling stories, rustic style",FC_images/img_43_1.jpg,FC_masks/mask_43_1.png
"A wolf and a fox sitting by a campfire telling stories, rustic style",FC_images/img_43_2.jpg,FC_masks/mask_43_2.png
"A wolf and a fox sitting by a campfire telling stories, rustic style",FC_images/img_43_3.jpg,FC_masks/mask_43_3.png
"A wolf and a fox sitting by a campfire telling stories, rustic style",FC_images/img_43_4.jpg,FC_masks/mask_43_4.png
"A wolf and a fox sitting by a campfire telling stories, rustic style",FC_images/img_43_5.jpg,FC_masks/mask_43_5.png
"A wolf and a fox sitting by a campfire telling stories, rustic style",FC_images/img_43_6.jpg,FC_masks/mask_43_6.png
"A wolf and a fox sitting by a campfire telling stories, rustic style",FC_images/img_43_7.jpg,FC_masks/mask_43_7.png
"A wolf and a fox sitting by a campfire telling stories, rustic style",FC_images/img_43_8.jpg,FC_masks/mask_43_8.png
"A wolf and a fox sitting by a campfire telling stories, rustic style",FC_images/img_43_9.jpg,FC_masks/mask_43_9.png
"A wolf and a fox sitting by a campfire telling stories, rustic style",FC_images/img_43_10.jpg,FC_masks/mask_43_10.png
"A wolf and a fox sitting by a campfire telling stories, rustic style",FC_images/img_43_11.jpg,FC_masks/mask_43_11.png
"A hedgehog and a squirrel reading under a mushroom umbrella, cozy autumn style",FC_images/img_44_0.jpg,FC_masks/mask_44_0.png
"A hedgehog and a squirrel reading under a mushroom umbrella, cozy autumn style",FC_images/img_44_1.jpg,FC_masks/mask_44_1.png
"A hedgehog and a squirrel reading under a mushroom umbrella, cozy autumn style",FC_images/img_44_2.jpg,FC_masks/mask_44_2.png
"A hedgehog and a squirrel reading under a mushroom umbrella, cozy autumn style",FC_images/img_44_3.jpg,FC_masks/mask_44_3.png
"A hedgehog and a squirrel reading under a mushroom umbrella, cozy autumn style",FC_images/img_44_4.jpg,FC_masks/mask_44_4.png
"A hedgehog and a squirrel reading under a mushroom umbrella, cozy autumn style",FC_images/img_44_5.jpg,FC_masks/mask_44_5.png
"A hedgehog and a squirrel reading under a mushroom umbrella, cozy autumn style",FC_images/img_44_6.jpg,FC_masks/mask_44_6.png
"A hedgehog and a squirrel reading under a mushroom umbrella, cozy autumn style",FC_images/img_44_7.jpg,FC_masks/mask_44_7.png
"A hedgehog and a squirrel reading under a mushroom umbrella, cozy autumn style",FC_images/img_44_8.jpg,FC_masks/mask_44_8.png
"A hedgehog and a squirrel reading under a mushroom umbrella, cozy autumn style",FC_images/img_44_9.jpg,FC_masks/mask_44_9.png
"A hedgehog and a squirrel reading under a mushroom umbrella, cozy autumn style",FC_images/img_44_10.jpg,FC_masks/mask_44_10.png
"A hedgehog and a squirrel reading under a mushroom umbrella, cozy autumn style",FC_images/img_44_11.jpg,FC_masks/mask_44_11.png
"Dropping rose petals, watercolor style",FC_images/img_45_0.jpg,FC_masks/mask_45_0.png
"Shining yellow stars, oil painting style",FC_images/img_45_1.jpg,FC_masks/mask_45_1.png
"Flying colorful butterflies, flat vector design",FC_images/img_45_2.jpg,FC_masks/mask_45_2.png
"Floating snowflakes, pixel art style",FC_images/img_45_3.jpg,FC_masks/mask_45_3.png
"Drifting dandelion seeds, soft pastel style",FC_images/img_45_4.jpg,FC_masks/mask_45_4.png
"Falling autumn leaves, ink wash painting style",FC_images/img_45_5.jpg,FC_masks/mask_45_5.png
"Colorful balloons gently floating, childrens book illustration style",FC_images/img_45_6.jpg,FC_masks/mask_45_6.png
"Fluttering butterfly wings, stained glass art style",FC_images/img_45_7.jpg,FC_masks/mask_45_7.png
"Shimmering snowflakes, delicate pencil sketch style",FC_images/img_45_8.jpg,FC_masks/mask_45_8.png
"Twinkling fireflies, glowing neon style",FC_images/img_45_9.jpg,FC_masks/mask_45_9.png
"Dancing confetti in the wind, pop art style",FC_images/img_45_10.jpg,FC_masks/mask_45_10.png
"Floating soap bubbles reflecting the sunset, hyperrealistic style",FC_images/img_45_11.jpg,FC_masks/mask_45_11.png
"Glowing lanterns rising into the night, traditional Japanese ink style",FC_images/img_46_0.jpg,FC_masks/mask_46_0.png
"Fluttering paper cranes, origami art style",FC_images/img_46_1.jpg,FC_masks/mask_46_1.png
"Light feathers swaying in the breeze, minimalist line art style",FC_images/img_46_2.jpg,FC_masks/mask_46_2.png
"Brightly glowing embers from a fire, dark charcoal sketch style",FC_images/img_46_3.jpg,FC_masks/mask_46_3.png
"Falling cherry blossom petals, traditional watercolor style",FC_images/img_46_4.jpg,FC_masks/mask_46_4.png
"Tiny silver stars twinkling, baroque painting style",FC_images/img_46_5.jpg,FC_masks/mask_46_5.png
"Wisps of colorful smoke floating, abstract expressionist style",FC_images/img_46_6.jpg,FC_masks/mask_46_6.png
"Whirling snowflakes in a gentle storm, impressionist style",FC_images/img_46_7.jpg,FC_masks/mask_46_7.png
"Glimmering rain droplets falling softly, photorealistic style",FC_images/img_46_8.jpg,FC_masks/mask_46_8.png
"Golden autumn acorns floating gently, vintage illustration style",FC_images/img_46_9.jpg,FC_masks/mask_46_9.png
"Tiny glitter particles swirling in the air, fantasy art style",FC_images/img_46_10.jpg,FC_masks/mask_46_10.png
"Glowing fairy dust scattered in the wind, dreamlike pastel style",FC_images/img_46_11.jpg,FC_masks/mask_46_11.png
"A word made by fire, cartoon style",FC_images/img_47_0.jpg,FC_masks/mask_47_0.png
"A word made by cute puppies, photorealistic style",FC_images/img_47_1.jpg,FC_masks/mask_47_1.png
"A word made by twisting vines and flowers, botanical illustration style",FC_images/img_47_2.jpg,FC_masks/mask_47_2.png
"A word made by colorful balloons tied together, childrens book illustration style",FC_images/img_47_3.jpg,FC_masks/mask_47_3.png
"A word made by dripping paint, abstract expressionism style",FC_images/img_47_4.jpg,FC_masks/mask_47_4.png
"A word made by interlocking puzzle pieces, flat vector art style",FC_images/img_47_5.jpg,FC_masks/mask_47_5.png
"A word made by flowing water, watercolor style",FC_images/img_47_6.jpg,FC_masks/mask_47_6.png
"A word made by shimmering crystals, fantasy art style",FC_images/img_47_7.jpg,FC_masks/mask_47_7.png
"A word made by fluttering butterfly wings, stained glass art style",FC_images/img_47_8.jpg,FC_masks/mask_47_8.png
"A word made by dancing flames, surrealist painting style",FC_images/img_47_9.jpg,FC_masks/mask_47_9.png
"A word made by tiny neon lights, cyberpunk style",FC_images/img_47_10.jpg,FC_masks/mask_47_10.png
"A word made by twisting metal wires, industrial design style",FC_images/img_47_11.jpg,FC_masks/mask_47_11.png
"A word made by scattered seashells, beachside postcard style",FC_images/img_48_0.jpg,FC_masks/mask_48_0.png
"A word made by floating clouds, soft pastel style",FC_images/img_48_1.jpg,FC_masks/mask_48_1.png
"A word made by rolling dice, board game art style",FC_images/img_48_2.jpg,FC_masks/mask_48_2.png
"A word made by shining stars, cosmic space art style",FC_images/img_48_3.jpg,FC_masks/mask_48_3.png
"A word made by stacked books, vintage library style",FC_images/img_48_4.jpg,FC_masks/mask_48_4.png
"A word made by stacked ice cubes, photorealistic style",FC_images/img_48_5.jpg,FC_masks/mask_48_5.png
"A word made by lego bricks, playful toy design style",FC_images/img_48_6.jpg,FC_masks/mask_48_6.png
"A word made by flying birds, whimsical storybook style",FC_images/img_48_7.jpg,FC_masks/mask_48_7.png
"A word made by musical notes, classical sheet music style",FC_images/img_48_8.jpg,FC_masks/mask_48_8.png
"A word made by intertwined snakes, gothic fantasy style",FC_images/img_48_9.jpg,FC_masks/mask_48_9.png
"A word made by glowing embers, dark charcoal sketch style",FC_images/img_48_10.jpg,FC_masks/mask_48_10.png
"A word made by folded paper cranes, origami style",FC_images/img_48_11.jpg,FC_masks/mask_48_11.png
"A word made by fluffy kittens, cute cartoon style",FC_images/img_49_0.jpg,FC_masks/mask_49_0.png
"A word made by autumn leaves, rustic folk art style",FC_images/img_49_1.jpg,FC_masks/mask_49_1.png
"A word made by interwoven chains, steampunk design style",FC_images/img_49_2.jpg,FC_masks/mask_49_2.png
"A word made by swirling wind, minimalist line art style",FC_images/img_49_3.jpg,FC_masks/mask_49_3.png
"A word made by sparkling diamonds, luxury illustration style",FC_images/img_49_4.jpg,FC_masks/mask_49_4.png
"A word made by hanging Christmas ornaments, festive holiday style",FC_images/img_49_5.jpg,FC_masks/mask_49_5.png
"A word made by scattered puzzle pieces, collage art style",FC_images/img_49_6.jpg,FC_masks/mask_49_6.png
"A word made by falling raindrops, impressionist painting style",FC_images/img_49_7.jpg,FC_masks/mask_49_7.png
"A word made by vibrant tropical fish, underwater illustration style",FC_images/img_49_8.jpg,FC_masks/mask_49_8.png
"A word made by colorful confetti, pop art style",FC_images/img_49_9.jpg,FC_masks/mask_49_9.png
"A word made by flying paper planes, modern flat design style",FC_images/img_49_10.jpg,FC_masks/mask_49_10.png
"A word made by crumpled fabric ribbons, textile art style",FC_images/img_49_11.jpg,FC_masks/mask_49_11.png
